{"cameraMode":{"drawMode":0,"name":"Shaded","section":"Shading Mode"},"sceneLighting":false,"audioPlay":false,"sceneViewState":{"m_AlwaysRefresh":false,"showFog":true,"showSkybox":true,"showFlares":true,"showImageEffects":true,"showParticleSystems":true,"showVisualEffectGraphs":true,"m_FxEnabled":true},"in2DMode":false,"pivot":{"x":159.3513641357422,"y":-14.675572395324707,"z":-69.25128173828125},"rotation":{"x":0.018465613946318628,"y":-0.8859969973564148,"z":0.033007413148880008,"w":0.4625236690044403},"size":197.16281127929688,"orthographic":false}